Top queries,Clicks,Impressions,CTR,Position
all county plumbing,159,1359,11.7%,4.71
all county plumbing llc,54,450,12%,3.73
plumbers vancouver wa,5,4740,0.11%,37.96
clark county plumbing,2,262,0.76%,13.19
plumbers near me,2,173,1.16%,8.63
plumbers ontario oregon,2,10,20%,2.6
plumbing contractors,1,3506,0.03%,48.62
plumber vancouver,1,2856,0.04%,35.88
commercial plumbing,1,1167,0.09%,48.8
ada bathroom contractors near me,1,796,0.13%,47.23
vancouver plumbers,1,718,0.14%,45.43
plumbing battle ground wa,1,623,0.16%,15.91
plumbing companies vancouver wa,1,364,0.27%,31.59
county plumbing,1,289,0.35%,32.11
commercial plumbing vancouver,1,237,0.42%,14.84
plumbers in vancouver washington,1,154,0.65%,42.78
plumber near me,1,153,0.65%,18.93
commercial plumbers vancouver wa,1,103,0.97%,7.3
all county plumbing and heating,1,78,1.28%,45.55
plumbing near me,1,76,1.32%,20.84
local plumbers,1,61,1.64%,14.79
plumbing,1,60,1.67%,9.63
plumber,1,40,2.5%,13.97
leak detection vancouver wa,1,30,3.33%,7.47
all county plumbing reviews,1,30,3.33%,9.87
cheap plumbers near me,1,7,14.29%,10.29
water heater replacement vancouver wa,1,5,20%,26.6
handicap bathroom remodel near me,1,2,50%,16
commercial plumbing contractors near me,1,1,100%,20
oregon plumbers,1,1,100%,47
plumber vancouver wa,0,4106,0%,34.68
vancouver wa plumber,0,3145,0%,41.14
plumbing vancouver wa,0,3103,0%,31.51
pex repiping,0,2176,0%,51.7
vancouver wa plumbers,0,1727,0%,40.82
copper repiping,0,1660,0%,66.73
plumbing repipe vancouver wa,0,1437,0%,45.89
commercial plumbing snake,0,1368,0%,31.22
affordable repipe vancouver wa,0,1282,0%,25.72
vancouver plumbing services,0,1277,0%,58.66
plumbers in vancouver,0,1203,0%,40.85
plumber in vancouver wa,0,1201,0%,39.09
repiping vancouver,0,1189,0%,59.28
vancouver wa plumbing,0,1161,0%,33.74
repipe plumber vancouver wa,0,1160,0%,47.33
licensed plumbers in vancouver wa,0,1099,0%,52.01
plumbers vancouver,0,1093,0%,36.85
vancouver plumbing,0,1044,0%,38.18
battle ground repiping,0,1042,0%,41.51
commercial drain snake,0,1030,0%,27.08
plumbing contractors vancouver wa,0,991,0%,21.22
commercial plumbing vancouver wa,0,954,0%,7.34
plumbing services vancouver wa,0,942,0%,50.86
local plumbing co,0,938,0%,63.57
plumbing contractor vancouver wa,0,931,0%,24.55
clogged drain commercial,0,887,0%,74.24
handicap shower installers near me,0,883,0%,48.56
vancouver washington plumber,0,840,0%,48.55
a plumber vancouver wa,0,839,0%,59.13
handicap bathroom remodel contractors,0,837,0%,37.96
pex repipe,0,804,0%,54.59
plumbers vancouver washington,0,794,0%,43.45
vancouver plumbing companies,0,774,0%,38.97
repipe vancouver,0,730,0%,67.13
commercial drain cleaning service,0,691,0%,79.7
vancouver plumber,0,679,0%,33.35
plumbing repair vancouver wa,0,678,0%,55.28
vancouver wa repiping,0,674,0%,45.65
repiping vancouver was,0,665,0%,47.14
plumbing repair vancouver,0,657,0%,64.88
plumbing services vancouver,0,622,0%,52.52
local plumbers vancouver,0,609,0%,43.76
ada compliant bathroom contractors,0,589,0%,66.71
new construction plumbing contractors near me,0,576,0%,42.63
commercial kitchen drain cleaning,0,574,0%,58.31
handicap bathroom contractors near me,0,567,0%,80.25
hydro jetting vancouver,0,539,0%,69.42
plumbers in vancouver wa,0,521,0%,35.42
vancouver washington plumbers,0,518,0%,52.19
plumbing in vancouver wa,0,514,0%,40.29
grab bar installation vancouver wa,0,500,0%,10.12
ada compliance plumbing contractors,0,490,0%,71.82
new construction plumbers near me,0,484,0%,43.58
vancouver plumbing company,0,476,0%,46.25
vancouver commercial plumbing,0,461,0%,12.34
plumbing company,0,420,0%,21.28
commercial hydro jetting,0,420,0%,84.07
plumbing vancouver,0,406,0%,32.37
bathroom remodel vancouver wa,0,398,0%,76.91
commercial snake,0,397,0%,30.06
ada compliant contractors near me,0,395,0%,60.68
toilet installation vancouver wa,0,395,0%,74.8
commercial construction plumber,0,381,0%,74.34
walk-in shower installation vancouver wa,0,375,0%,16.91
website for plumbers vancouver,0,358,0%,63.75
shower remodeling contractor in vancouver wa,0,350,0%,57.08
add shower to bathtub vancouver wa,0,339,0%,33.29
commercial drain jetting,0,338,0%,72.83
adding a shower to a tub vancouver wa,0,335,0%,50.36
new shower installation vancouver wa,0,334,0%,36.57
repiping specialists vancouver wa,0,332,0%,29.64
battle ground plumbers,0,313,0%,56.42
residential plumbing vancouver wa,0,308,0%,33.66
plumber battle ground wa,0,302,0%,77.96
drain snakes services,0,300,0%,78.16
repiping companies vancouver,0,299,0%,60.22
plumbing contractors in washington county or,0,288,0%,30.98
plumbing company near me,0,286,0%,20.24
repipe plumbers,0,286,0%,39.65
plumbing contractors in vancouver wa,0,283,0%,23.64
plumber battle ground,0,281,0%,69.99
new construction plumber near me,0,279,0%,40.55
snake drain service,0,277,0%,52.06
commercial plumbing camas wa,0,258,0%,50.25
ada certified contractor,0,249,0%,81.55
new construction plumbing services,0,248,0%,77.35
accessible bathroom remodel contractors for ada compliance,0,247,0%,52.87
bathroom repair vancouver wa,0,242,0%,89.61
pex repipes,0,233,0%,77.34
commercial plumber snake,0,226,0%,48.59
plumbing contractor ada county,0,226,0%,62.5
accessible bathroom remodel contractors,0,220,0%,44.33
commercial clogged drain,0,220,0%,74.62
plumbing commercial contractors,0,219,0%,58.49
vancouver plumbing service,0,219,0%,66.2
pex re-piping,0,218,0%,44.92
bathroom installation companies near me,0,216,0%,35.54
ada compliant contractors,0,215,0%,74.43
drain cleaning vancouver wa,0,215,0%,92.47
new construction plumbing,0,210,0%,53.54
plumbing contractor vancouver,0,207,0%,29.76
hazel dell repiping,0,204,0%,50.95
bathroom installers near me,0,198,0%,34.6
commercial construction plumbing,0,198,0%,68.41
hydro jetting enterprise,0,197,0%,63.86
vancouver wa hydro jetting,0,196,0%,25.71
battle ground plumber,0,192,0%,50.66
plumber vancouver washington,0,190,0%,51.27
new toilet installation vancouver wa,0,189,0%,64.97
plumber clark county,0,187,0%,8.06
plumbing services in vancouver wa,0,185,0%,40.25
copper repiping specialist,0,183,0%,61.51
who installs showers near me,0,182,0%,34.54
county plumbing services,0,182,0%,37.45
commercial reconstruction contractor vancouver wa,0,181,0%,72.65
vancouver residential plumbing,0,179,0%,51.22
clogged sink ada county,0,177,0%,36.15
license plumbers,0,173,0%,1.32
shower installation companies near me,0,171,0%,32.98
copper repiping vancouver,0,169,0%,68.21
bathroom remodel contractors vancouver wa,0,169,0%,76.12
toilet fitters,0,162,0%,30.41
plumbing vancouver washington,0,161,0%,36.58
small bathroom remodel vancouver wa,0,160,0%,80.64
plumbing specials near me,0,157,0%,28.44
bathroom remodel battle ground wa,0,156,0%,81.35
plumbing clark county,0,154,0%,10.21
commercial sewer snake,0,153,0%,39.49
bathroom accessibility contractors,0,152,0%,85.32
repiping with pex pipe,0,147,0%,63.6
repiping with pex,0,145,0%,65.67
plumbing repair clark county,0,144,0%,16.66
commercial hydro-jetting,0,143,0%,75.84
local plumbers near me,0,142,0%,18.02
commercial jetting,0,142,0%,69.72
bathroom remodel vancouver washington,0,136,0%,82.71
shower remodel vancouver wa,0,135,0%,66.15
vancouver wa new construction homes,0,135,0%,86.53
all county sewer & drain,0,134,0%,32.71
plumbing in vancouver,0,134,0%,50.99
drain service vancouver,0,134,0%,74.43
vancouver plumber services vancouver wa,0,133,0%,55.95
ada bathroom contractor,0,131,0%,78.6
custom shower installers near me,0,129,0%,36.15
commercial kitchen drain cleaner,0,129,0%,74.29
plumbing company vancouver wa,0,128,0%,40.6
vancouver wa drain cleaning,0,128,0%,88.19
plumbing repairs in vancouver wa,0,127,0%,44.61
repipe washington,0,126,0%,89.73
plumbing companies near me,0,125,0%,23.91
hydrojet drain cleaning,0,125,0%,91.58
walk in shower fitters,0,123,0%,33.47
vancouver plumbing repair,0,123,0%,55.53
copper repipe,0,122,0%,44.09
construction plumbing,0,120,0%,87.1
french drain vancouver wa,0,118,0%,59.77
expert copper repiping plumbers,0,118,0%,89.56
commercial drain clearing,0,115,0%,78.29
hydro jetting coquitlam,0,115,0%,93.47
bath tub installers near me,0,111,0%,38.92
best shower installers near me,0,111,0%,52.96
plumbing company in vancouver wa,0,109,0%,30.72
all in plumbing,0,109,0%,34.34
best plumbers in vancouver wa,0,107,0%,59.45
plumbing company vancouver,0,106,0%,32.48
best plumbers vancouver wa,0,105,0%,38.86
pierce county plumbing,0,105,0%,73.57
hydro jetting vancouver wa,0,104,0%,14.12
plumbing companies in vancouver,0,104,0%,53.11
"plumbing vancouver, wa",0,103,0%,27.63
vancouver plumbing & drain company,0,99,0%,41.93
plumbing service vancouver,0,98,0%,56.16
commercial drain cleaning,0,95,0%,66.03
bathroom plumbing installation in vancouver wa,0,93,0%,46.81
hydrojet drain cleaning near me,0,93,0%,60.6
new construction plumbing vancouver,0,92,0%,40.59
plumbing services in vancouver,0,92,0%,44.39
orange county plumbing in commercial buildings,0,87,0%,90.23
best plumber vancouver,0,86,0%,40.12
vancouver plumbing services address,0,86,0%,55.38
new plumbing construction,0,85,0%,30.56
handicap bathroom installers,0,85,0%,82.14
plumbing for new construction vancouver,0,84,0%,47.05
custom shower installation vancouver,0,83,0%,47.96
bathtub to shower conversion vancouver wa,0,83,0%,57.89
copper re-piping,0,83,0%,69.69
bathroom renovation vancouver wa,0,83,0%,83.93
commercial plumbing remodeling coburg or,0,82,0%,18.28
local plumber vancouver,0,82,0%,41.41
snake drain unclogger,0,82,0%,91.18
pex piping service vancouver,0,81,0%,46.74
vancouver wa new construction,0,81,0%,91.02
plumbing contractor battle ground wa,0,80,0%,64.69
ada compliant bathroom contractor,0,80,0%,77.44
accessible shower installations,0,79,0%,66.19
plumbing contractors near me,0,77,0%,22.99
"plumbing services vancouver, wa",0,77,0%,35.92
commercial snake for plumbing,0,76,0%,26.53
drain snake services,0,76,0%,77.67
new construction plumbing portland,0,75,0%,36.04
local commercial plumbing companies,0,75,0%,68.23
plumbing companies,0,73,0%,26.01
reliable construction & plumbing,0,73,0%,83.23
all county plumbing and leak,0,72,0%,18.06
"plumber vancouver, wa",0,70,0%,28.21
plumbers battle ground wa,0,70,0%,40.59
hydro jetting big rock,0,70,0%,45.74
unclogging jetting,0,70,0%,88.17
plumbers clark county wa,0,69,0%,9.88
plumbing installation near me,0,69,0%,20.99
new construction vancouver wa,0,69,0%,92.77
commercial drain cleaner,0,69,0%,94.07
construction commercial plumbing,0,68,0%,65.47
all county,0,66,0%,3.94
commercial plumber vancouver,0,66,0%,20.92
"plumbing company vancouver, wa",0,66,0%,29.77
plumbing companies near me vancouver,0,64,0%,23.38
commercial snake drain,0,64,0%,32.94
clogged drain vancouver wa,0,63,0%,80.6
professional commercial plumbing solutions,0,63,0%,86.98
ada-compliant remodeling near me,0,62,0%,41.6
bathroom remodeling vancouver wa,0,62,0%,87.1
fast local plumbers llc,0,61,0%,54.03
bathroom remodeling contractors vancouver wa,0,61,0%,80.74
bathroom contractors vancouver,0,61,0%,90.18
residential repipe vancouver,0,61,0%,94.56
commercial plumbing drain cleaner,0,60,0%,78.1
vancouver wa bathroom remodel,0,59,0%,80.92
drain snake commercial,0,58,0%,34.52
plumbing services battle ground wa,0,58,0%,82.6
residential repiping vancouver,0,58,0%,87.36
local plumber,0,57,0%,34.98
affordable plumbers vancouver wa,0,57,0%,40.42
residential plumbing vancouver,0,57,0%,54.18
new construction in vancouver wa,0,57,0%,92.16
commercial drain snakes,0,56,0%,41.48
vancouver wa commercial plumbing,0,55,0%,8.87
plumbers.com,0,55,0%,44.65
plumber ellensburg,0,55,0%,61
clogged drain cleaning service vancouver,0,55,0%,87.18
commercial plumbing services,0,54,0%,26.46
copper repiping specialists,0,54,0%,85.13
new home plumber,0,54,0%,89.5
hydro flushing coquitlam,0,54,0%,97.3
residential plumber vancouver wa,0,53,0%,29.68
best plumber vancouver wa,0,52,0%,41.52
commercial plumbing auger,0,52,0%,50.52
how to repipe with pex,0,52,0%,63.88
local plumbing company,0,52,0%,65.98
washington commercial plumbing,0,52,0%,71.17
plumbing contractors new construction,0,51,0%,69.25
construction and plumbing,0,50,0%,80
construction plumbing companies,0,49,0%,55.06
hazel dell plumbers,0,49,0%,82.61
county plumbing and heating,0,48,0%,70.81
bathroom accessibility contractor,0,48,0%,79.96
new construction plumbing grand forks,0,48,0%,84.25
accessible bathroom contractors,0,47,0%,34
website for plumbers washington,0,47,0%,79.66
new construction plumbing services near me,0,46,0%,51.04
handicap bathroom remodel contractor near me,0,46,0%,55.74
bathroom plumbers,0,45,0%,34.09
plumbing service in vancouver,0,45,0%,47.38
plumbing services near me,0,44,0%,13.86
residential plumbing services vancouver,0,44,0%,56.2
bathroom accessibility remodel,0,44,0%,85.41
ada-compliant bathroom remodel,0,44,0%,90.45
handicap bathroom remodel contractors near me,0,43,0%,19.7
vancouver professional plumbing services,0,43,0%,45.63
commercial plumber ellensburg wa,0,43,0%,71.16
clark county plumbing and drain,0,42,0%,23.05
plumbing repair experts in vancouver,0,42,0%,51.21
bathroom renovation vancouver washington,0,42,0%,72.36
commercial plumbing hillsboro,0,42,0%,82.67
new construction homes vancouver wa,0,42,0%,88.55
all counties plumbing inc,0,41,0%,19.05
plumbing installation services in vancouver wa,0,41,0%,46.93
accessible bathroom remodeling,0,41,0%,50.07
plumber to unclog kitchen sink in vancouver wa,0,41,0%,53.63
commercial plumbing construction,0,41,0%,73.12
commercial plumber vancouver wa,0,40,0%,13.07
accessible bathroom contractor,0,40,0%,77.7
oc plumbers,0,39,0%,72.26
plumbing contractor orange county,0,39,0%,84.41
handicap bathroom contractor,0,39,0%,88.21
plumbing contractors vancouver,0,38,0%,25.87
bathroom remodeling vancouver washington,0,38,0%,82.55
handicap bathroom installers near me,0,37,0%,38.19
plumbing companies vancouver,0,36,0%,36.56
contractors plumbing,0,36,0%,46.67
plumbing repairs vancouver,0,36,0%,67.42
h20 plumbing,0,35,0%,43.86
clogged drain cleaning services in vancouver wa,0,35,0%,69.06
plumbing company washington,0,35,0%,74.37
new home plumbers,0,35,0%,77.57
bathroom renovations vancouver wa,0,35,0%,77.71
basic plumbing vancouver wa,0,35,0%,85.94
disabled bathroom installation near me,0,35,0%,89.2
bathroom installations,0,34,0%,46.47
pex home repipes,0,34,0%,80.03
battle ground wa plumber,0,34,0%,87.65
commercial plumbing contractors,0,33,0%,38.91
all counties plumbing,0,32,0%,4.53
snake drain cleaning,0,32,0%,80.53
new construction homes in vancouver wa,0,32,0%,92.06
pex repiping hamilton county fl,0,32,0%,93.06
all county rooter,0,31,0%,50.97
vancouver plumbing repair service,0,31,0%,60.48
repiping ellensburg wa,0,31,0%,62.9
washougal plumbers,0,31,0%,79.32
hydrojet cleaning services vancouver,0,31,0%,79.94
allstate plumbing,0,31,0%,80.58
copper repipe vancouver,0,31,0%,93.65
all county llc,0,30,0%,24.4
local plumbing,0,30,0%,42.17
bathroom remodelers in vancouver wa,0,30,0%,86.73
plumbing repairs ada county,0,30,0%,89.23
all plumbing llc,0,29,0%,25.34
new construction plumbing portland or,0,29,0%,25.79
local bathroom plumbing expert,0,29,0%,84.66
plumbing company clark county,0,28,0%,8.96
all county drain,0,28,0%,36.89
plumber new construction,0,28,0%,71.54
repipes,0,28,0%,71.93
commercial plumbing service providers for new buildings,0,28,0%,75.21
big plumbing companies near me,0,27,0%,10.19
options plumbing llc,0,27,0%,39.74
vancouver wa residential plumbing,0,27,0%,48.85
commercial plumber washington,0,27,0%,51.81
local plumbing companies,0,27,0%,56.11
hydro jet drain cleaning services,0,27,0%,69.81
henco plumbing services vancouver wa,0,27,0%,75.85
construction plumbing companies near me,0,26,0%,24.69
bathroom plumbers near me,0,26,0%,26.19
plumber service vancouver wa,0,26,0%,32.5
"plumbing repair vancouver, wa",0,26,0%,37.42
commercial plumbing specialists,0,26,0%,39.35
plumbing hillsboro,0,26,0%,77.77
plumbing and co,0,26,0%,79.85
affordable repiping,0,26,0%,94.69
commercial plumbing contractors wa,0,25,0%,16.92
commercial plumbing llc,0,25,0%,51.96
accessible bathrooms fitters,0,25,0%,62.68
plumbing snake service,0,25,0%,66.4
house repiping with pex,0,25,0%,79.32
drain service in hard rock,0,25,0%,80.72
vancouver plumbing contractor,0,24,0%,24
commercial plumbing companies,0,24,0%,27.25
local commercial plumbing contractors,0,24,0%,78.67
shower remodel vancouver,0,24,0%,85.83
vancouver plumbing contractors,0,23,0%,28.78
plumbing+contractors,0,23,0%,36.09
bathroom remodel battle ground,0,23,0%,71.26
commercial new construction plumbing,0,23,0%,75
local guide program,0,22,0%,1
all plumbing,0,22,0%,24.64
always plumbing & drain cleaning,0,22,0%,72.14
hydro scrub drain jetting,0,22,0%,80.55
walk-in shower installations vancouver,0,22,0%,82.68
battle ground wa plumbing,0,22,0%,90.36
leak repair,0,21,0%,2.38
country plumbing,0,21,0%,36.62
plumbing installation vancouver,0,21,0%,46.38
commercial plumbing specialist,0,21,0%,53.19
plumbing remodel,0,20,0%,1
plumbing supplies vancouver wa,0,20,0%,35.65
country plumber inc,0,20,0%,40.25
bathroom remodeling contractor vancouver wa,0,20,0%,78.05
house repiping vancouver,0,20,0%,81.05
new construction plumbers hamilton county fl,0,20,0%,86.75
plumber testimonials,0,20,0%,89.05
handicap plumbing,0,20,0%,93.95
plumbers contractors,0,19,0%,39.32
bathroom shower vancouver,0,19,0%,45.74
re-piping plumbing services vancouver,0,19,0%,53.84
plumbing supply vancouver wa,0,19,0%,55.37
commercial remodel plumbing services,0,19,0%,82.63
bathroom contractor vancouver,0,19,0%,84.79
commercial plumbing solutions companies,0,19,0%,88.21
disability bathroom fitters near me,0,18,0%,18.5
new construction plumbing contractors,0,18,0%,45.94
plumber east vancouver,0,18,0%,74.17
pex repiping wilmington nc,0,18,0%,81.33
shower installation clark county,0,18,0%,84.22
drain cleaner with snake,0,18,0%,85.22
all plumbing company llc,0,17,0%,32.12
fast commercial plumbing llc,0,17,0%,45.94
h2o plumbing llc,0,17,0%,60.41
plumber in vancouver,0,17,0%,65.53
drain cleaning battle ground wa,0,17,0%,78
new construction plumbing coeur d' alene,0,17,0%,86.65
new construction plumbing great falls mt,0,17,0%,93.24
h2o plumbing,0,16,0%,24.88
commercial plumbers vancouver,0,16,0%,27.06
repipe vancouver wa,0,16,0%,36.62
hazel dell plumber,0,16,0%,50.94
construction plumbers near me,0,16,0%,76.5
repiping business lakewood wa,0,16,0%,81.81
plumbing contractors pasco wa,0,16,0%,88.5
bathroom remodelers vancouver wa,0,16,0%,88.56
washington county plumber,0,15,0%,24.67
all county bath,0,15,0%,40.87
country plumbers,0,15,0%,51.33
hydro jetting shoreline wa,0,15,0%,68.6
new construction plumbing metairie la,0,15,0%,70.2
clean drain snake,0,15,0%,77.07
bath remodel vancouver wa,0,15,0%,87.13
pex repiping raleigh nc,0,15,0%,91.6
henco plumbing vancouver wa,0,14,0%,32.43
plumbing snake commercial,0,14,0%,34.21
plumbing remodel contractors,0,14,0%,75
plumber shower installation,0,14,0%,85.57
new construction plumbing missoula mt,0,14,0%,91.29
new home plumbing hamilton county fl,0,14,0%,98.71
plumbing repair near me,0,13,0%,3.69
bathroom installation contractors,0,13,0%,36.69
local top plumber companies,0,13,0%,58.31
plumbers construction,0,13,0%,62.46
all around plumbing,0,13,0%,63.92
repipe contractor lakewood wa,0,13,0%,64.69
snake drain cleaner,0,13,0%,77.92
new construction plumbing appling ga,0,13,0%,86.62
repiping with pex st louis,0,13,0%,90.31
new construction plumbing corona,0,13,0%,91.69
bathroom makeover vancouver wa,0,13,0%,92.08
ada remodeling,0,13,0%,100.46
all county plumbing cody wy,0,12,0%,5.92
plumbing installation clark county,0,12,0%,9
plumbing contractor clarke county,0,12,0%,17.33
plumbers available today,0,12,0%,32.17
shower installation vancouver,0,12,0%,39.25
"new construction plumbing companies the dalles, or",0,12,0%,45.92
commercial drain unclogger,0,12,0%,69.25
local home renovation experts vancouver wa,0,12,0%,73
light commercial plumbing services,0,12,0%,73.33
repiping business kent wa,0,12,0%,84.25
commercial plumbing company medford or,0,12,0%,90.33
bathroom accessibility experts,0,12,0%,93.25
plumbing orange county,0,11,0%,11
all in plumbing llc,0,11,0%,21.82
plumbing services,0,11,0%,27
plumbing supply vancouver,0,11,0%,36.82
best plumbers vancouver,0,11,0%,40.27
bathroom plumbing vancouver,0,11,0%,69.91
kitchen plumbing repair in vancouver wa,0,11,0%,71.36
bathroom shower remodel vancouver,0,11,0%,75.91
simpson plumbing llc,0,11,0%,77.18
repiping with copper,0,11,0%,78.09
commercial plumbing solutions,0,11,0%,85.55
home repiping with pex,0,11,0%,86.45
thin plumbing snake,0,11,0%,90.27
plumbers llc,0,10,0%,22.5
true plumbing vancouver wa,0,10,0%,35.8
"plumbers vancouver, wa residential",0,10,0%,36.6
ada bathroom remodel near me,0,10,0%,49.9
new construction plumber,0,10,0%,50.8
vancouver repiping plumbing services,0,10,0%,53.6
kitchen plumbing vancouver,0,10,0%,56.6
drain cleaning clark county,0,10,0%,64.8
unclog commercial drain,0,10,0%,68.3
experienced plumbing contractors,0,10,0%,70.4
ada certified contractors near me,0,10,0%,74.2
plumbing and heating vancouver,0,10,0%,75.2
tankless water heater installers in vancouver wa,0,10,0%,75.3
plumbers pasco wa,0,10,0%,81.2
copper repiping contractor,0,10,0%,82.8
new construction houses vancouver wa,0,10,0%,87.9
bathroom remodeling arnada,0,10,0%,91.5
commercial hydro jet drain cleaning,0,10,0%,92.6
shower installation near me,0,10,0%,93
repiping company vancouver,0,10,0%,97.3
commercial plumbing orange county,0,10,0%,136.2
large plumbing companies near me,0,9,0%,24
commercial plumber,0,9,0%,30.44
plumbers,0,9,0%,31.33
bathroom remodel plumbers near me,0,9,0%,37.11
best plumbers in vancouver,0,9,0%,40.33
county line plumbing services llc,0,9,0%,43.78
house repiping vancouver wa,0,9,0%,47.11
hydro jetting near me,0,9,0%,53
cheap plumber vancouver,0,9,0%,53.78
used drain snakes,0,9,0%,54.56
repipe pex,0,9,0%,57.44
plumbers for new construction,0,9,0%,58.56
washington plumber,0,9,0%,60.56
cross county plumbing,0,9,0%,78.89
drain cleaner commercial,0,9,0%,79.44
plumbing wa,0,9,0%,83
bath installation near me,0,9,0%,83.11
replumb with pex,0,9,0%,84.89
snake for cleaning drains,0,9,0%,94
kitchen plumbing services in pasco,0,9,0%,94.33
new construction plumber corona,0,9,0%,96.78
jetting commercial,0,9,0%,97.89
hydro jet drain cleaning services vancouver,0,9,0%,99.33
water heater repair,0,8,0%,9.62
bathroom plumbing near me,0,8,0%,23.75
all for one plumbing llc,0,8,0%,33.38
orange county plumbers,0,8,0%,38
repiping vancouver wa,0,8,0%,44.38
home plumbing vancouver,0,8,0%,44.5
multifamily plumbing contractors vancouver,0,8,0%,52.75
drain service clark county,0,8,0%,65.5
longview repiping,0,8,0%,70.25
plumber ridgefield,0,8,0%,73.5
bathroom remodel arnada,0,8,0%,79.75
the plumbing and drain company tacoma wa,0,8,0%,80.25
snake for drainage,0,8,0%,81.62
toilet installation vancouver,0,8,0%,83.5
south county plumbing lynnwood,0,8,0%,84.62
battle ground drain cleaning,0,8,0%,84.75
the plumbing and drain company tacoma,0,8,0%,85.62
shower legal repiping service near me,0,8,0%,87
ada compliant bathroom remodel fayetteville nc,0,8,0%,93.5
affordable drain cleaning vancouver,0,8,0%,94.25
plumbers camas wa,0,8,0%,96.12
repiping lakewood wa,0,8,0%,97.12
ada bathroom conversion,0,8,0%,106.38
new construction plumbing companies near me,0,7,0%,8.43
licensed plumbers in battleground wa,0,7,0%,23
county plumbers,0,7,0%,23.14
vancouver wa plumbing companies,0,7,0%,30
plumbing services battleground wa,0,7,0%,32.86
bathroom shower installer,0,7,0%,36.86
country plumber,0,7,0%,40.43
plumbing for kitchen sink and dishwasher vancouver,0,7,0%,47
care plumbing repiping specialists,0,7,0%,52.86
construction plumber,0,7,0%,57.57
plumbing installation clarke county,0,7,0%,57.86
ellensburg plumbers,0,7,0%,59.57
new shower installation camas wa,0,7,0%,60.71
do plumbers install grab bars in showers,0,7,0%,77.57
drain cleaning services in vancouver,0,7,0%,77.57
longview drain cleaning,0,7,0%,78.14
commercial hydro jetting kerrville tx,0,7,0%,85.57
affordable copper repiping,0,7,0%,85.86
new construction plumbing woodland hills ca,0,7,0%,89.71
expert construction plumber,0,7,0%,90.43
emergency plumber clark county,0,7,0%,90.57
commercial plumbing new construction,0,7,0%,91.43
ada certified contractors,0,7,0%,94
residential ada bathroom with shower,0,7,0%,96
gas plumbing vancouver wa,0,7,0%,98.86
emergency plumbing,0,6,0%,1
plumbing contractor clark county,0,6,0%,6.33
plumbing contractors battleground wa,0,6,0%,10.67
commercial plumbing companies near me,0,6,0%,20
hydro jetting in vancouver wa,0,6,0%,26.17
plumbing battleground wa,0,6,0%,27.5
repiping clark county,0,6,0%,27.83
commercial plumber rockport wa,0,6,0%,29.67
all county cremation vancouver wa,0,6,0%,33.33
commercial pipe snake,0,6,0%,35.67
plumbing stores vancouver wa,0,6,0%,36
bathroom remodelers near me,0,6,0%,38
plumber near vancouver,0,6,0%,38.17
commercial grade plumbing snake,0,6,0%,39.5
vancouver plumbing services near you,0,6,0%,41.33
plumber clarke county,0,6,0%,44.67
drain cleaning ada county,0,6,0%,46.33
hydrojetting vancouver wa,0,6,0%,51.5
new construction plumbing companies,0,6,0%,52.5
home service plumbers llc,0,6,0%,59.17
commercial plumbing installation coburg or,0,6,0%,59.83
yacolt repiping,0,6,0%,63.17
bathroom remodeler battle ground,0,6,0%,65.83
wa plumbers,0,6,0%,67.67
construction plumbing company,0,6,0%,68
plumbing store vancouver wa,0,6,0%,71.83
commercial hydro jetting upland,0,6,0%,77.83
commercial plumbing contractors portland,0,6,0%,78.83
commerical plumbing,0,6,0%,79.17
and plumbers,0,6,0%,80.5
bathroom remodel van mall,0,6,0%,80.83
plumber ellensburg wa,0,6,0%,81.33
snake commercial,0,6,0%,81.67
replace plumbing with pex,0,6,0%,84
new construction plumbing peru ny,0,6,0%,86.67
"new construction plumbing lafayette, in",0,6,0%,88.83
pex plumbing portland,0,6,0%,92.5
unclogging snake,0,6,0%,94.17
pex repiping winston-salem nc,0,6,0%,96.5
plumbing service in california,0,6,0%,101.5
oc plumber,0,6,0%,102.33
hot water heater replacement,0,5,0%,1.8
plumbers cody wy,0,5,0%,2.6
local plumber clark county,0,5,0%,9.8
water heater replacement,0,5,0%,10
plumbing companies battleground wa,0,5,0%,13.4
residential plumbing contractors,0,5,0%,18.8
vancouver commercial plumber,0,5,0%,19.8
residential plumbing companies,0,5,0%,20.2
christensen plumbing vancouver wa,0,5,0%,22.2
summerson plumbing,0,5,0%,24.4
bathroom plumber,0,5,0%,28.8
best plumber in vancouver wa,0,5,0%,32.8
walk-in showers washington state,0,5,0%,34.2
commercial plumbing service,0,5,0%,35
new construction plumbers,0,5,0%,38.8
"best plumbers vancouver, wa",0,5,0%,40.8
columbia basin plumbing,0,5,0%,42
shower installation in vancouver wa,0,5,0%,43
vancouver plumbing for bathroom,0,5,0%,45.4
bathroom remodel plumber,0,5,0%,47.2
construction plumbers,0,5,0%,55
cheap plumbers vancouver,0,5,0%,56.6
plumbers ellensburg,0,5,0%,57.2
plumbers in battle ground wa,0,5,0%,61.8
bathroom shower renovation vancouver wa,0,5,0%,62.6
ridgefield plumber,0,5,0%,65
bathroom plumbing contractors,0,5,0%,65.4
vancouver wa contractors,0,5,0%,66.6
bathroom repair battle ground wa,0,5,0%,67.2
plumber multnomah county,0,5,0%,68.2
plumbing companies ada,0,5,0%,71.6
clog pro plumbing & drain vancouver wa,0,5,0%,75.6
industrial toilet snake,0,5,0%,78.8
drain cleaning longview,0,5,0%,79.8
hydro jet drain cleaning near me,0,5,0%,81.2
commercial drain pipe,0,5,0%,82.8
new construction commercial plumbing,0,5,0%,83.8
commercial+plumbing,0,5,0%,86.4
plumbing bathroom vancouver,0,5,0%,87
south county plumbing edmonds,0,5,0%,93
commercial bathroom installers,0,5,0%,93.6
"new construction plumbing bloomington, in",0,5,0%,94
pex vs copper for house repiping,0,5,0%,96
commercial hydro jetting near lubbock tx,0,5,0%,98.4
plumber bath,0,4,0%,1
affordable plumbers near me,0,4,0%,3.5
all service plumbing,0,4,0%,4.25
water heater maintenance near me,0,4,0%,4.75
county plumber,0,4,0%,5.75
jay harrell plumbing,0,4,0%,8
commercial plumbers near me,0,4,0%,10.75
water leak detection services near me,0,4,0%,11
all county roofing,0,4,0%,21.5
commercial plumbing group,0,4,0%,26.75
vancouver washington plumbing,0,4,0%,27
commercial plumbers,0,4,0%,27.25
commercial plumbing remodel services in vancouver wa,0,4,0%,27.5
plumber near me battleground wa,0,4,0%,28
plumbing repair professional near me,0,4,0%,35.25
emergency plumber vancouver wa,0,4,0%,35.5
plumbers near vancouver,0,4,0%,35.5
shower plumbers near me,0,4,0%,37.25
plumbing contractor in washington,0,4,0%,41.5
pex repiping lakewood,0,4,0%,42
multi family plumbing experts,0,4,0%,42.5
experienced plumbing specialists,0,4,0%,42.75
professional plumber in washington,0,4,0%,43.5
contractors plumber,0,4,0%,50.5
construction plumbing contractors,0,4,0%,51.25
repiping washington county,0,4,0%,51.25
construction and plumbing services,0,4,0%,53.25
newconstruction plumber near me,0,4,0%,54
commercial new construction in vancouver wa,0,4,0%,55.25
accessible bathrooms installers,0,4,0%,60.75
"commercial kitchen cleaning services vancouver, wa",0,4,0%,61.25
plumbing construction,0,4,0%,62
industrial plumber snake,0,4,0%,62.75
kitchen and bathroom installers near me,0,4,0%,69.5
replace with pex,0,4,0%,71
plumbers wa,0,4,0%,71.75
plumbing repair clarke county,0,4,0%,71.75
cost to install pex plumbing,0,4,0%,72.5
plumber services battle ground,0,4,0%,73
toilet installation in vancouver wa,0,4,0%,73.5
all plumbers,0,4,0%,75.75
vancouver plumber rates,0,4,0%,76.25
pex repiping atlanta ga,0,4,0%,77.25
professional drain snake,0,4,0%,77.5
crestview hydro jet drain cleaning,0,4,0%,79.75
ada grab bars installers portland or,0,4,0%,80.25
plumbing services portland,0,4,0%,80.5
plumbers ellensburg wa,0,4,0%,81.5
plumber rates vancouver,0,4,0%,86
washington plumbing company,0,4,0%,87.75
same day plumbing services in vancouver wa,0,4,0%,90
vancouver drain services,0,4,0%,90
hydrojet vs snake,0,4,0%,91.75
sewer snake cleaner,0,4,0%,93
new construction drainage services,0,4,0%,93.25
water heater near me,0,3,0%,1
emergency plumbing services vancouver,0,3,0%,2
plumbing maintenance,0,3,0%,2.33
plumbing companies hiring near me,0,3,0%,2.67
industrial plumbing near me,0,3,0%,4
all county sewer and drain,0,3,0%,4.33
commercial plumbing near me,0,3,0%,5.33
plumbingrepairs11009.alltdesign.com,0,3,0%,6.67
all out plumbing,0,3,0%,7
jason harrell plumbing,0,3,0%,9.33
all county hvac,0,3,0%,16
water heater vancouver wa,0,3,0%,16
plumbing contractor,0,3,0%,16.33
commercial plumbing contractor,0,3,0%,19.33
all county drainage,0,3,0%,23
all in one plumbing,0,3,0%,28
manzco plumbing,0,3,0%,29.33
commercial plumbing company,0,3,0%,29.67
commercial toilet snake,0,3,0%,34.67
affordable plumber vancouver wa,0,3,0%,35.33
repipe contractor,0,3,0%,35.33
commercial plumbing repair,0,3,0%,37
repipe plumbing,0,3,0%,37
drainage contractors vancouver wa,0,3,0%,39.67
plumbers com,0,3,0%,39.67
plumbing system contractor,0,3,0%,41.67
top rated plumbers near me,0,3,0%,42
commercial plumbers snake,0,3,0%,43.33
drain cleaning near me,0,3,0%,45.67
battleground plumbers,0,3,0%,46
local plumbing company sherwood,0,3,0%,49.67
plumber shop near me open now,0,3,0%,51
plumbing contractor companies,0,3,0%,51.67
commercial plumbing washington,0,3,0%,52.33
new construction plumbing coquitlam,0,3,0%,52.67
outdoor plumbing repair near me,0,3,0%,52.67
plumbing supply near me,0,3,0%,54
plumbing commercial,0,3,0%,54.33
kitchen sink plumbing vancouver,0,3,0%,55
contractors plumbers,0,3,0%,55.33
orange county plumbing,0,3,0%,55.67
mid county plumbing llc,0,3,0%,56
bathroom plumbing services in vancouver wa,0,3,0%,58
vancouver plumbing supply,0,3,0%,58
tub installation near me,0,3,0%,58.67
all source plumbing,0,3,0%,60
clark plumbing llc,0,3,0%,62.67
new construction plumbing tacoma,0,3,0%,63.33
hill country plumbing,0,3,0%,65.67
website for plumbers hillsboro,0,3,0%,66.33
lake roesiger plumbers,0,3,0%,66.67
where can i find reviews for local plumbing services?,0,3,0%,67.33
clogged drain cleaning service vancouver wa,0,3,0%,67.67
all scale plumbing,0,3,0%,69.67
all plumber,0,3,0%,70
bathroom plumbing services,0,3,0%,71
drain cleaning services in vancouver wa,0,3,0%,72
drain snake in washington,0,3,0%,76.67
"plumbing contractor the dalles, or",0,3,0%,76.67
thin drain snake,0,3,0%,76.67
yakima plumbing & drain company,0,3,0%,77.67
bathroom vanity installation vancouver wa,0,3,0%,79
bathroom remodeling van mall,0,3,0%,79.67
plumbing contractor hillsboro,0,3,0%,82
washougal plumbing,0,3,0%,82
commercial construction plumbing howell,0,3,0%,84.67
how to extend pex pipe,0,3,0%,84.67
cleaning drain snake,0,3,0%,86.33
residential construction plumbing,0,3,0%,86.67
hydro jet drain cleaning in destin,0,3,0%,87.67
hydro jet drain cleaning service,0,3,0%,88.67
hydro jet drain cleaning tyngsborough,0,3,0%,88.67
plumbers north vancouver,0,3,0%,89.33
new construction commercial plumbing contractors,0,3,0%,90
hydro jetting white rock,0,3,0%,90.67
commercial plumbing yakima wa,0,3,0%,91
ada compliant bathroom remodel,0,3,0%,91.33
plumbers that remodel bathrooms,0,3,0%,91.67
about plumbing llc,0,3,0%,92.67
vancouver new construction,0,3,0%,92.67
how much is a snake for plumbing,0,3,0%,93
local commercial plumbing company,0,3,0%,93
20 20 plumbing,0,3,0%,94
new construction plumbers eureka il,0,3,0%,94
expert plumbing,0,3,0%,94.33
24 hour plumbers near me,0,3,0%,95
new construction plumbing murrieta ca,0,3,0%,96.33
plumbers ridgefield wa,0,3,0%,96.33
repiping camas wa,0,3,0%,97.67
ada-compliant bathroom plumbing,0,3,0%,98
snake to unclog drains,0,3,0%,98.67
snake for unclogging,0,3,0%,99
snakes for bathroom sinks,0,3,0%,99
plumber oc,0,3,0%,99.33
plumber clark,0,3,0%,100
jet cleaning drains,0,3,0%,124.33
handicap bathroom vancouver,0,3,0%,137.67
plumber ada,0,3,0%,138
all plumbing google reviews,0,2,0%,1
faucet installation vancouver wa,0,2,0%,1
orchards plumber,0,2,0%,1
plumbing businesses near me,0,2,0%,1
plumbing help,0,2,0%,1
commercial plumbing maintenance,0,2,0%,2
easy plumbing,0,2,0%,2
plumbing companies near me open now,0,2,0%,2
water heater repair near me,0,2,0%,2.5
allservice plumbing,0,2,0%,4.5
plummer,0,2,0%,4.5
emergency plumbing companies,0,2,0%,5
toilet installation,0,2,0%,5
longview plumbers,0,2,0%,5.5
total plumbing near me,0,2,0%,5.5
"<userlocation>united states</userlocation> 
<userlanguage>english</userlanguage> what companies offer ada-compliant 
bathroom upgrades and plumbing?",0,2,0%,6.5
commercial plumber battleground wa,0,2,0%,6.5
everything plumbing,0,2,0%,6.5
sewer,0,2,0%,7
plumbing apprenticeship near me,0,2,0%,7.5
pex plumbing,0,2,0%,8.5
industrial plumbing companies,0,2,0%,9
leak detection companies near me,0,2,0%,9
total plumbing,0,2,0%,9
water heater replacement near me,0,2,0%,9
all plumbing company,0,2,0%,9.5
all plumbing services,0,2,0%,9.5
sewer inspection camera rental near me,0,2,0%,10
commercial plumbing remodel,0,2,0%,10.5
al's plumbing,0,2,0%,11
licensed plumber near me,0,2,0%,11.5
orange county plumbing and heating,0,2,0%,14
plumbers battleground wa,0,2,0%,14.5
all county plumbing hickory nc,0,2,0%,16.5
ada contractor,0,2,0%,18
commercial plumbing contractor near me,0,2,0%,18
plumber in battleground wa,0,2,0%,18.5
all plumbing repair,0,2,0%,19
service plumbers near me,0,2,0%,20
service plumbers,0,2,0%,21.5
remodel plumbers near me,0,2,0%,23
find a plumber vancouver wa,0,2,0%,24.5
commercial plumber portland wa,0,2,0%,26.5
all about plumbing llc,0,2,0%,29
county plumbing services limited,0,2,0%,30.5
plumbing company ada,0,2,0%,30.5
commercial plumbing services vancouver wa,0,2,0%,31
drain cleaning service near me,0,2,0%,31
commercial snake plumbing,0,2,0%,31.5
water heater maintenance,0,2,0%,31.5
construction plumbing services,0,2,0%,32
plumbing remodel bathroom in vancouver wa,0,2,0%,32.5
sewer company near me,0,2,0%,34.5
local plumber clarke county,0,2,0%,36
washington plumbing contractors,0,2,0%,36
plumber all,0,2,0%,36.5
high country plumbing,0,2,0%,37
co plumbing,0,2,0%,37.5
plumber for new construction,0,2,0%,39
plumbing company in vancouver,0,2,0%,39.5
plumbing contractor portland,0,2,0%,39.5
plumber in battle ground,0,2,0%,40.5
plumber reviews,0,2,0%,40.5
drain cleaning commercial,0,2,0%,41
shower remodelers near me,0,2,0%,41.5
plumber near me vancouver wa,0,2,0%,42
bathroom installation,0,2,0%,42.5
shower replacement companies near me,0,2,0%,43
all county construction,0,2,0%,43.5
best plumbing vancouver,0,2,0%,45
pex repiping puyallup,0,2,0%,45.5
small plumbing companies near me,0,2,0%,45.5
plumber construction,0,2,0%,47
ada remodel,0,2,0%,48.5
plumber shop near me open today,0,2,0%,49.5
plumbing contractor washington county,0,2,0%,49.5
vancouver kitchen plumber,0,2,0%,49.5
all service plumbing llc,0,2,0%,50
remodel plumbers,0,2,0%,50
jet drain cleaning services,0,2,0%,50.5
drain cleaning service clark county,0,2,0%,51
home plumbing contractors bellingham wa,0,2,0%,51.5
pecks pipe,0,2,0%,51.5
plumbers in my area,0,2,0%,51.5
cheap construction plumbers near me,0,2,0%,52.5
ada shower tub combo,0,2,0%,53
plumbing services contractors,0,2,0%,53
repiping,0,2,0%,55.5
plumbing repairs vancouver wa,0,2,0%,56
industrial plumbing snake,0,2,0%,57.5
drain cleaning in vancouver wa,0,2,0%,60
copper home repipes,0,2,0%,61
plumbing company in washington,0,2,0%,62
ada shower installation,0,2,0%,64.5
hydro jet drain cleaning in crestview,0,2,0%,64.5
plumbing maintenance vancouver wa,0,2,0%,65.5
licensed contractors vancouver wa,0,2,0%,66
major plumbing llc,0,2,0%,66.5
sink cleaner snake,0,2,0%,66.5
wa plumber,0,2,0%,66.5
plumbing in washington,0,2,0%,67.5
all in all plumbing,0,2,0%,69
snake sink cleaner,0,2,0%,69.5
sutherland plumbing,0,2,0%,69.5
drain snaking services near me,0,2,0%,70
hydro jetting sewer line near me,0,2,0%,70.5
snake for drain,0,2,0%,70.5
calkins plumbing,0,2,0%,72
cle elum plumber,0,2,0%,72
commercial plumbing services in washington,0,2,0%,72
plumbing contractors portland oregon,0,2,0%,73
plumber maple heights wa,0,2,0%,76
plumbing contractors nearby,0,2,0%,76
sink cleaning snake,0,2,0%,76
local commercial plumbing service,0,2,0%,77.5
local plumbers portland,0,2,0%,78.5
ada compliant tub installations,0,2,0%,79
commercial plumbing contractors bellingham wa,0,2,0%,79.5
drain snake cleaning,0,2,0%,79.5
sewer snake service near me,0,2,0%,79.5
perfect pipes plumbing llc,0,2,0%,81.5
snake for cleaning drain,0,2,0%,81.5
north vancouver plumber,0,2,0%,82
pex plumbing orange county,0,2,0%,82
new build plumbing contractors,0,2,0%,83
hydro jetting rock hill sc,0,2,0%,83.5
plumbing and drain company tacoma,0,2,0%,84
residential construction plumber,0,2,0%,84.5
snake to clean drain pipes,0,2,0%,85
associated plumbing,0,2,0%,86
commercial repiping plumbing services,0,2,0%,86
pex pipes replace,0,2,0%,86
new plumbing contractors,0,2,0%,87
ada retrofit plumber,0,2,0%,88
county plumbing & heating,0,2,0%,89.5
construction companies in vancouver wa,0,2,0%,90.5
snake kitchen drain,0,2,0%,91
hydrojet drain cleaning seattle wa,0,2,0%,91.5
handicap bathroom contractors,0,2,0%,92
thin snake for drain,0,2,0%,92.5
how to clean a plumbing snake,0,2,0%,93
co plumbers,0,2,0%,93.5
plumbing remodeling ellensburg wa,0,2,0%,93.5
ada bathroom residential,0,2,0%,94
snake for unclogging drains,0,2,0%,94
bathroom renovation hazel dell wa,0,2,0%,95
repiping des moines wa,0,2,0%,95
plumber ridgefield wa,0,2,0%,97
commercial bathroom remodel contractors near me,0,2,0%,97.5
hydro jetting glastonbury ct,0,2,0%,97.5
hydrojet snake,0,2,0%,97.5
new residential plumbing,0,2,0%,98
how long does copper repiping take,0,2,0%,98.5
snake for drain cleaning,0,2,0%,98.5
new construction plumbing temecula ca,0,2,0%,99
new construction plumbing fallbrook ca,0,2,0%,99.5
plumbing contractor spokane county,0,2,0%,100.5
plumbing repair ada county,0,2,0%,100.5
snake to clean drain,0,2,0%,101
drain clean snake,0,2,0%,102
acp plumbing,0,1,0%,1
all county mechanical,0,1,0%,1
all county septic,0,1,0%,1
all county septic tank pumping,0,1,0%,1
all county supply,0,1,0%,1
best drain cleaner for old pipes,0,1,0%,1
businesses near me,0,1,0%,1
cheap plumbing,0,1,0%,1
gas and plumbing,0,1,0%,1
how to snake a bathtub drain without overflow,0,1,0%,1
inexpensive plumbers near me,0,1,0%,1
local plumbers around me,0,1,0%,1
local plumbing supply,0,1,0%,1
master plumbing,0,1,0%,1
new plumbing companies near me,0,1,0%,1
outdoor plumbing system repair,0,1,0%,1
plumber newr me,0,1,0%,1
plumber ontario oregon,0,1,0%,1
plumber shop near me,0,1,0%,1
plumbers in ontario oregon,0,1,0%,1
plumbers near me.,0,1,0%,1
plumbing repiping,0,1,0%,1
plumbing w,0,1,0%,1
plumbing west county,0,1,0%,1
plumbing-directory05813.canariblogs.com,0,1,0%,1
sewer company,0,1,0%,1
sewer contractor,0,1,0%,1
sewer inspection near me,0,1,0%,1
summit plumbing llc,0,1,0%,1